[
    {
        "label": "Dashboard",
        "file": "dashboard.php",
        "roles_system": [
            "admin",
            "user"
        ],
        "roles_metier": [
            "tous"
        ]
    },
    {
        "label": "Profil",
        "file": "profile_edit.php",
        "roles_system": [
            "admin",
            "user"
        ],
        "roles_metier": [
            "tous"
        ]
    },
    {
        "label": "Gestion VPN",
        "file": "adm/vpn/vpn_settings.php",
        "roles_system": [
            "admin"
        ],
        "roles_metier": [
            "tous"
        ]
    },
    {
        "label": "Marché des modules",
        "file": "adm/market/marketmodules.php",
        "roles_system": [
            "admin"
        ],
        "roles_metier": [
            "tous"
        ]
    },
    {
        "label": "Administration des procédures",
        "file": "data/procedures/procedure_admin.php",
        "roles_system": [
            "admin"
        ],
        "roles_metier": [
            "tous"
        ]
    }
]