[
    {
        "id": "savev.1",
        "name": "Savev.1",
        "description": "Module savev.1 ajouté manuellement",
        "icon": "modules\/savev.1\/icon.png",
        "enabled": false
    },
    {
        "id": "contact",
        "name": "Contact",
        "description": "Module contact ajouté manuellement",
        "icon": "modules\/contact\/icon.png",
        "enabled": false
    },
    {
        "id": "blocnote",
        "name": "Blocnote",
        "description": "Module blocnote ajouté manuellement",
        "icon": "modules\/blocnote\/icon.png",
        "enabled": false
    },
    {
        "id": "map",
        "name": "Map",
        "description": "Module map ajouté manuellement",
        "icon": "modules\/map\/icon.png",
        "enabled": false
    },
    
]